user_id,full_name,email,phone,nationality,dob,created_at
1,David Hassan,david.hassan760@gmail.com,+105826600539,Turkish,1983-04-08,2023-03-24
2,Mohammed Johansson,mohammed.johansson433@gmail.com,+518746412689,Tanzanian,1976-01-03,2023-04-08
3,Lucia Dlamini,lucia.dlamini666@gmail.com,+604398704996,Tanzanian,1997-09-14,2023-04-15
4,Mary Dlamini,mary.dlamini433@gmail.com,+345209747451,Nigerian,1985-05-05,2023-04-25
5,Mei Okonkwo,mei.okonkwo368@gmail.com,+45883543540,Indian,2002-06-20,2023-05-26
6,Elena Okonkwo,elena.okonkwo997@gmail.com,+644764130526,German,1987-02-18,2023-05-27
7,Lucia Dlamini,lucia.dlamini72@gmail.com,+876349957310,Ethiopian,1976-11-08,2023-05-03
8,Mei Garcia,mei.garcia465@gmail.com,+215819595113,Ugandan,1995-06-06,2023-06-12
9,Sarah Mensah,sarah.mensah651@gmail.com,+474507437181,Ugandan,1980-09-24,2023-04-06
10,Zara Nakamura,zara.nakamura333@gmail.com,+324530747414,Ugandan,2001-01-08,2023-01-26
11,Sarah Patel,sarah.patel936@gmail.com,+512524806516,Indian,1993-12-11,2023-04-21
12,James Garcia,james.garcia143@gmail.com,+765727694430,Dutch,1982-12-18,2023-09-09
13,Carlos Rossi,carlos.rossi225@gmail.com,+49217734861,South African,1979-09-16,2023-02-25
14,Mary Nkosi,mary.nkosi697@gmail.com,+611602564736,Emirati,1988-10-03,2023-07-13
15,Nadia Fernandez,nadia.fernandez882@gmail.com,+907676567501,Ugandan,1975-11-24,2023-02-22
16,Ibrahim Okonkwo,ibrahim.okonkwo301@gmail.com,+897872751234,Ugandan,1988-03-15,2023-01-24
17,Layla Kamau,layla.kamau183@gmail.com,+862786066793,Emirati,1991-02-28,2023-11-10
18,Lucia Sharma,lucia.sharma383@gmail.com,+614448059918,Qatari,1999-03-18,2023-09-01
19,Hassan Okonkwo,hassan.okonkwo952@gmail.com,+900709194872,Nigerian,1986-05-08,2023-01-08
20,Mohammed Abebe,mohammed.abebe498@gmail.com,+129237859287,Qatari,2001-02-25,2023-09-25
21,Mary Garcia,mary.garcia541@gmail.com,+774883757514,Ghanaian,2002-10-14,2023-04-18
22,Kwame Santos,kwame.santos688@gmail.com,+124366186631,Rwandan,1995-06-15,2023-09-15
23,Sarah Andersen,sarah.andersen22@gmail.com,+8176228245,Kenyan,1993-09-08,2023-10-08
24,Zara Ali,zara.ali928@gmail.com,+286818309417,Qatari,1976-06-03,2023-09-08
25,Peter Fernandez,peter.fernandez136@gmail.com,+804607850824,Dutch,1998-10-19,2023-08-08
26,Lucia Okonkwo,lucia.okonkwo100@gmail.com,+479882839238,Kenyan,1996-07-12,2023-07-14
27,Grace Mwanga,grace.mwanga413@gmail.com,+197304235259,Turkish,1998-06-26,2023-02-08
28,Yuki Sharma,yuki.sharma433@gmail.com,+946180943908,Indian,1980-05-15,2023-04-28
29,Grace Mwanga,grace.mwanga668@gmail.com,+417621453189,Qatari,1992-01-03,2023-04-06
30,Peter Boateng,peter.boateng411@gmail.com,+400384759615,Indian,2003-01-06,2023-07-01
31,Priya Osei,priya.osei714@gmail.com,+159303901283,Zambian,1998-09-22,2023-12-16
32,Peter Mwanga,peter.mwanga594@gmail.com,+59153839920,Singaporean,1998-09-02,2023-12-11
33,Nia Diallo,nia.diallo942@gmail.com,+83299528037,Nigerian,2002-09-06,2023-01-17
34,Sarah Nakamura,sarah.nakamura883@gmail.com,+593738360085,Kenyan,1982-07-04,2023-10-08
35,Mohammed Osei,mohammed.osei674@gmail.com,+210819112790,British,1993-10-17,2023-06-09
36,Samuel Garcia,samuel.garcia406@gmail.com,+324907308348,Nigerian,1979-11-21,2023-05-15
37,Amina Tanaka,amina.tanaka637@gmail.com,+519384756779,South African,1993-02-03,2023-09-07
38,Sofia Rashid,sofia.rashid71@gmail.com,+449995226828,Turkish,2003-04-12,2023-05-06
39,Kwame Mensah,kwame.mensah827@gmail.com,+568421455482,Ethiopian,1995-09-01,2023-11-27
40,Aisha Garcia,aisha.garcia119@gmail.com,+279402533494,American,2003-02-24,2023-09-05
41,Peter Dlamini,peter.dlamini352@gmail.com,+501369639388,Kenyan,1981-11-21,2023-05-17
42,Mohammed Ibrahim,mohammed.ibrahim434@gmail.com,+790240466536,Ugandan,2001-05-02,2023-01-11
43,Mary Abebe,mary.abebe453@gmail.com,+115180792472,South African,1992-12-14,2023-09-01
44,Elena Mwanga,elena.mwanga855@gmail.com,+131144913399,Zambian,1986-10-18,2023-03-14
45,Raj Rashid,raj.rashid956@gmail.com,+256816114302,Ethiopian,2000-01-12,2023-04-22
46,Sofia Kamau,sofia.kamau574@gmail.com,+948354194771,Egyptian,2003-07-20,2023-12-05
47,Ahmed Rashid,ahmed.rashid423@gmail.com,+954542073642,Rwandan,1975-03-24,2023-06-26
48,Omar Mueller,omar.mueller807@gmail.com,+482338836384,Ghanaian,1997-02-13,2023-01-28
49,Chidi Rossi,chidi.rossi313@gmail.com,+198527849588,British,2001-04-08,2023-01-22
50,Omar Boateng,omar.boateng72@gmail.com,+410829627019,Turkish,1999-05-12,2023-11-17
51,Ibrahim Hassan,ibrahim.hassan119@gmail.com,+40216396351,American,2003-05-06,2023-10-09
52,Daniel Rossi,daniel.rossi747@gmail.com,+119513600440,Singaporean,2000-06-14,2023-10-17
53,Lucia Garcia,lucia.garcia46@gmail.com,+552837507241,Ghanaian,1997-07-01,2023-09-26
54,Raj Osei,raj.osei72@gmail.com,+869233815413,Zambian,1996-06-20,2023-06-22
55,Layla Kim,layla.kim683@gmail.com,+568236674237,Ghanaian,1988-06-13,2023-12-10
56,Fatima Nakamura,fatima.nakamura963@gmail.com,+583423142470,French,1987-11-24,2023-03-20
57,Amina Kim,amina.kim294@gmail.com,+671446012478,Indian,1981-07-26,2023-10-20
58,Yuki Tanaka,yuki.tanaka692@gmail.com,+675191048514,Zambian,1981-09-16,2023-12-06
59,Layla Nakamura,layla.nakamura649@gmail.com,+318341206079,Ghanaian,1994-06-03,2023-04-22
60,James Hassan,james.hassan48@gmail.com,+425776205431,Singaporean,1982-08-20,2023-02-15
61,Lucia Dlamini,lucia.dlamini714@gmail.com,+672838328947,Tanzanian,1987-08-13,2023-04-05
62,Grace Kamau,grace.kamau436@gmail.com,+476153921577,Turkish,1982-03-26,2023-12-17
63,Samuel Lindqvist,samuel.lindqvist869@gmail.com,+544700141462,American,1978-08-05,2023-08-22
64,Lena Kamau,lena.kamau913@gmail.com,+437991816852,Turkish,1989-10-27,2023-12-17
65,Yuki Rashid,yuki.rashid163@gmail.com,+254784683755,Ugandan,1998-08-15,2023-05-25
66,Kofi Weber,kofi.weber642@gmail.com,+293351785565,Ugandan,1982-05-15,2023-02-23
67,Ibrahim Andersen,ibrahim.andersen915@gmail.com,+393845122940,South African,1992-02-05,2023-03-08
68,Peter Ali,peter.ali425@gmail.com,+64322086735,Dutch,1988-06-18,2023-08-14
69,Mei Rashid,mei.rashid789@gmail.com,+489106330865,German,1993-12-01,2023-10-13
70,Kwame Kamau,kwame.kamau400@gmail.com,+560958851904,American,2002-07-18,2023-12-24
71,Zara Weber,zara.weber225@gmail.com,+345818197581,French,1983-07-16,2023-01-13
72,Mary Traore,mary.traore479@gmail.com,+607706011277,Tanzanian,1979-10-18,2023-01-13
73,Mohammed Ibrahim,mohammed.ibrahim439@gmail.com,+389451492250,Ghanaian,1979-08-06,2023-01-09
74,Chidi Andersen,chidi.andersen346@gmail.com,+855187946147,Qatari,1999-07-09,2023-07-09
75,Hassan Abebe,hassan.abebe553@gmail.com,+800799816232,Kenyan,1976-06-08,2023-11-03
76,Hassan Nguyen,hassan.nguyen205@gmail.com,+130608482316,Ethiopian,2001-01-20,2023-03-08
77,Peter Tanaka,peter.tanaka717@gmail.com,+987903079055,Ethiopian,1983-06-06,2023-10-20
78,Mary Kim,mary.kim111@gmail.com,+930502982778,French,1993-01-10,2023-10-22
79,Lucia Ali,lucia.ali607@gmail.com,+792423821937,American,1997-11-08,2023-02-23
80,David Nkosi,david.nkosi580@gmail.com,+678497897455,Nigerian,2000-01-12,2023-09-14
81,Layla Ibrahim,layla.ibrahim350@gmail.com,+444488896443,Indian,1975-07-27,2023-08-04
82,James Osei,james.osei181@gmail.com,+828677858758,Qatari,1998-09-21,2023-05-20
83,Chidi Osei,chidi.osei846@gmail.com,+252991990632,Nigerian,1998-10-09,2023-06-28
84,Omar Rashid,omar.rashid462@gmail.com,+389461203124,Tanzanian,1982-08-19,2023-10-22
85,Sven Boateng,sven.boateng333@gmail.com,+265465436049,Ugandan,1980-08-07,2023-06-26
86,Omar Fernandez,omar.fernandez11@gmail.com,+417624606470,Turkish,1991-04-03,2023-04-24
87,Samuel Dlamini,samuel.dlamini488@gmail.com,+18199915275,Zambian,1995-12-16,2023-08-26
88,Zara Santos,zara.santos709@gmail.com,+485694287057,Emirati,1982-05-22,2023-10-12
89,Sofia Osei,sofia.osei764@gmail.com,+278429233929,Ugandan,1992-06-12,2023-12-15
90,Zara Okonkwo,zara.okonkwo739@gmail.com,+974918394863,Egyptian,1981-06-04,2023-12-18
91,Lucia Patel,lucia.patel757@gmail.com,+538740799178,Zambian,1990-05-24,2023-10-25
92,Grace Traore,grace.traore199@gmail.com,+15860229059,Turkish,1984-04-12,2023-03-10
93,Aisha Garcia,aisha.garcia47@gmail.com,+654908304440,Qatari,1976-09-10,2023-12-05
94,Grace Boateng,grace.boateng13@gmail.com,+349297958983,Kenyan,1993-05-16,2023-08-15
95,Nadia Boateng,nadia.boateng490@gmail.com,+591775862179,Kenyan,1978-02-13,2023-08-03
96,James Sharma,james.sharma831@gmail.com,+572920814900,Dutch,1993-05-03,2023-04-04
97,Zara Kamau,zara.kamau536@gmail.com,+603560452529,Zambian,1987-08-15,2023-05-28
98,John Mensah,john.mensah984@gmail.com,+217384161612,Nigerian,1998-02-25,2023-04-21
99,Mary Nguyen,mary.nguyen178@gmail.com,+462840206617,American,1992-02-06,2023-01-14
100,Nia Kim,nia.kim34@gmail.com,+881587512424,Nigerian,1982-05-23,2023-05-23
101,Zara Lindqvist,zara.lindqvist271@gmail.com,+957312406764,Dutch,2000-11-19,2023-11-26
102,David Fernandez,david.fernandez231@gmail.com,+62278158234,Zambian,1995-03-09,2023-03-03
103,Priya Tanaka,priya.tanaka128@gmail.com,+966392322121,Emirati,1989-12-10,2023-12-13
104,Elena Weber,elena.weber449@gmail.com,+331748232591,Ugandan,1977-10-02,2023-07-24
105,Hassan Ali,hassan.ali235@gmail.com,+689981994345,Ugandan,1996-10-19,2023-01-25
106,Fatuma Kamau,fatuma.kamau775@gmail.com,+939398668350,Egyptian,1980-08-17,2023-11-15
107,Daniel Ibrahim,daniel.ibrahim834@gmail.com,+342444733679,Ethiopian,1990-02-16,2023-06-14
108,Mary Andersen,mary.andersen422@gmail.com,+834916580415,Turkish,1997-08-10,2023-11-13
109,Fatuma Tanaka,fatuma.tanaka91@gmail.com,+414652543518,Tanzanian,1985-05-11,2023-02-25
110,Elena Tanaka,elena.tanaka424@gmail.com,+775635252889,Indian,1976-04-17,2023-06-20
111,John Patel,john.patel274@gmail.com,+497230380269,Tanzanian,1992-03-10,2023-08-23
112,Samuel Dlamini,samuel.dlamini163@gmail.com,+96341270488,Ethiopian,1984-09-01,2023-09-14
113,Chidi Okonkwo,chidi.okonkwo664@gmail.com,+522857429971,Ugandan,2001-03-16,2023-12-10
114,Fatima Traore,fatima.traore495@gmail.com,+393304666325,American,1990-04-15,2023-09-05
115,Layla Abebe,layla.abebe901@gmail.com,+957945805127,Emirati,1979-02-09,2023-07-11
116,Omar Traore,omar.traore3@gmail.com,+676625747313,South African,1984-12-10,2023-10-19
117,Yuki Fernandez,yuki.fernandez496@gmail.com,+467445505799,Ghanaian,1986-06-18,2023-09-13
118,Samuel Johansson,samuel.johansson393@gmail.com,+485857232668,French,1982-07-02,2023-06-24
119,Mei Nakamura,mei.nakamura812@gmail.com,+130639331014,Singaporean,2001-11-05,2023-08-02
120,Ibrahim Boateng,ibrahim.boateng103@gmail.com,+16875718152,South African,2002-08-04,2023-09-15
121,Fatima Boateng,fatima.boateng671@gmail.com,+639843785903,French,1979-02-16,2023-05-11
122,Mohammed Boateng,mohammed.boateng337@gmail.com,+978440012324,Qatari,2002-11-28,2023-09-13
123,Elena Mwanga,elena.mwanga633@gmail.com,+233901834280,Nigerian,1977-04-21,2023-11-10
124,Daniel Okonkwo,daniel.okonkwo779@gmail.com,+171845178074,Zambian,1995-12-28,2023-02-15
125,Hassan Mwanga,hassan.mwanga333@gmail.com,+442256304376,Rwandan,2000-01-10,2023-06-12
126,Kofi Osei,kofi.osei580@gmail.com,+625510753814,American,1996-03-06,2023-03-03
127,Samuel Weber,samuel.weber935@gmail.com,+261593460064,Ugandan,1993-03-08,2023-08-21
128,Amina Rashid,amina.rashid824@gmail.com,+76574303740,German,1989-05-22,2023-09-06
129,Kwame Ibrahim,kwame.ibrahim986@gmail.com,+310313907621,French,1988-12-09,2023-08-28
130,Nia Okonkwo,nia.okonkwo243@gmail.com,+717417001612,Tanzanian,1987-10-12,2023-10-10
131,Carlos Garcia,carlos.garcia9@gmail.com,+933751124015,Qatari,1993-11-25,2023-12-02
132,Priya Kamau,priya.kamau819@gmail.com,+652304152670,American,1982-10-26,2023-06-08
133,Nadia Nakamura,nadia.nakamura774@gmail.com,+100773728014,Kenyan,1998-11-22,2023-03-21
134,Kwame Nkosi,kwame.nkosi452@gmail.com,+93416872439,British,1976-10-12,2023-12-05
135,Fatima Mueller,fatima.mueller206@gmail.com,+936392624015,Egyptian,1979-09-12,2023-09-17
136,Nadia Lindqvist,nadia.lindqvist845@gmail.com,+118602866993,Nigerian,1990-05-24,2023-06-26
137,James Kamau,james.kamau990@gmail.com,+991963919401,Turkish,1982-11-24,2023-11-13
138,Raj Ali,raj.ali810@gmail.com,+466495765839,Ugandan,1987-01-09,2023-09-04
139,Mei Traore,mei.traore654@gmail.com,+26765233376,Turkish,1986-02-22,2023-04-16
140,Lena Lindqvist,lena.lindqvist625@gmail.com,+476852775879,Zambian,1982-11-03,2023-11-27
141,Fatima Okonkwo,fatima.okonkwo144@gmail.com,+100352114611,Turkish,1976-01-10,2023-08-04
142,Aisha Santos,aisha.santos465@gmail.com,+430730651895,South African,1986-11-24,2023-12-18
143,Fatima Ibrahim,fatima.ibrahim102@gmail.com,+34841183219,German,2001-08-20,2023-07-09
144,Peter Tanaka,peter.tanaka456@gmail.com,+558792377512,German,1982-06-04,2023-11-12
145,John Santos,john.santos283@gmail.com,+679327746886,American,1981-02-28,2023-08-03
146,Hassan Mwanga,hassan.mwanga806@gmail.com,+71991010113,Turkish,1985-04-05,2023-10-07
147,Peter Johansson,peter.johansson222@gmail.com,+923739930411,Tanzanian,2001-04-11,2023-03-26
148,Omar Boateng,omar.boateng149@gmail.com,+677127681228,South African,1979-09-09,2023-03-04
149,Amina Rossi,amina.rossi809@gmail.com,+179384936197,Kenyan,2000-04-19,2023-06-01
150,Aisha Abebe,aisha.abebe432@gmail.com,+460935389432,German,1991-02-24,2023-02-16
151,Layla Johansson,layla.johansson112@gmail.com,+745940983577,Emirati,1989-09-08,2023-10-02
152,Kwame Tanaka,kwame.tanaka659@gmail.com,+703215923129,Qatari,1975-01-16,2023-07-14
153,Yuki Ali,yuki.ali921@gmail.com,+130395296179,American,1977-06-20,2023-03-03
154,Lena Santos,lena.santos612@gmail.com,+441206492059,Ethiopian,1991-05-15,2023-09-20
155,Peter Osei,peter.osei463@gmail.com,+465528133274,Dutch,2003-04-14,2023-06-27
156,Grace Andersen,grace.andersen438@gmail.com,+704609241268,Nigerian,1985-11-09,2023-06-05
157,Mohammed Traore,mohammed.traore88@gmail.com,+382971630639,South African,1977-07-04,2023-12-24
158,John Johansson,john.johansson980@gmail.com,+421479673044,Dutch,1992-09-11,2023-11-04
159,John Kim,john.kim615@gmail.com,+218266140258,Qatari,1984-06-04,2023-10-17
160,Zara Boateng,zara.boateng111@gmail.com,+286716435189,Rwandan,1986-09-12,2023-02-25
161,Daniel Boateng,daniel.boateng575@gmail.com,+571128189836,American,1999-10-20,2023-11-21
162,Omar Hassan,omar.hassan185@gmail.com,+360106556040,Egyptian,1983-12-25,2023-05-11
163,James Johansson,james.johansson674@gmail.com,+996132917811,Nigerian,1987-02-05,2023-12-21
164,Kofi Patel,kofi.patel386@gmail.com,+320874807770,British,1988-08-11,2023-03-12
165,Mohammed Rashid,mohammed.rashid54@gmail.com,+691187597497,Ugandan,1979-03-25,2023-10-02
166,Yuki Nakamura,yuki.nakamura435@gmail.com,+221910614025,Emirati,1990-10-15,2023-07-09
167,David Rossi,david.rossi441@gmail.com,+499665791188,Zambian,1978-05-22,2023-11-19
168,Fatuma Nguyen,fatuma.nguyen405@gmail.com,+969326810757,South African,1994-01-01,2023-04-10
169,Nadia Kim,nadia.kim336@gmail.com,+180238712095,French,1978-01-16,2023-12-14
170,Elena Dlamini,elena.dlamini236@gmail.com,+363177390472,French,1991-09-27,2023-11-26
171,Fatuma Osei,fatuma.osei20@gmail.com,+440715683222,French,1989-02-28,2023-06-19
172,Fatima Kim,fatima.kim118@gmail.com,+971763706947,Indian,1987-01-11,2023-03-26
173,Raj Ali,raj.ali448@gmail.com,+411662600500,Nigerian,2002-02-08,2023-07-19
174,Carlos Boateng,carlos.boateng318@gmail.com,+173182011731,Emirati,1998-06-08,2023-06-25
175,David Diallo,david.diallo523@gmail.com,+661975139327,South African,1981-06-12,2023-12-27
176,Samuel Okonkwo,samuel.okonkwo150@gmail.com,+779915133660,Nigerian,1983-04-06,2023-10-05
177,Ahmed Kamau,ahmed.kamau644@gmail.com,+594582008349,Singaporean,1990-08-25,2023-10-25
178,Lena Boateng,lena.boateng995@gmail.com,+481574817290,Zambian,1995-06-05,2023-08-03
179,Omar Johansson,omar.johansson58@gmail.com,+463140380477,Kenyan,1986-09-03,2023-05-15
180,Raj Traore,raj.traore294@gmail.com,+609644459924,French,1977-11-28,2023-02-20
181,Chidi Johansson,chidi.johansson568@gmail.com,+586799905142,Ghanaian,2000-12-02,2023-08-26
182,Lena Mensah,lena.mensah488@gmail.com,+831999126903,British,1991-03-02,2023-08-04
183,Mohammed Diallo,mohammed.diallo662@gmail.com,+450662714327,Emirati,1980-01-08,2023-12-15
184,Mary Rossi,mary.rossi382@gmail.com,+613156227043,British,1984-07-14,2023-06-22
185,Sarah Andersen,sarah.andersen97@gmail.com,+742804980312,American,1992-11-13,2023-05-09
186,James Andersen,james.andersen84@gmail.com,+991804433388,French,1993-11-05,2023-06-10
187,Aisha Mensah,aisha.mensah726@gmail.com,+811452699013,South African,1977-05-18,2023-07-21
188,Kofi Ali,kofi.ali662@gmail.com,+372431642423,Egyptian,1996-07-17,2023-06-01
189,Peter Andersen,peter.andersen971@gmail.com,+159182855381,Zambian,1999-08-07,2023-04-05
190,Grace Diallo,grace.diallo790@gmail.com,+345922816526,American,1992-12-17,2023-01-22
191,Aisha Mensah,aisha.mensah386@gmail.com,+640968704078,Egyptian,1979-03-06,2023-12-25
192,Yuki Mwanga,yuki.mwanga421@gmail.com,+626405939035,Indian,1986-11-24,2023-04-15
193,Zara Fernandez,zara.fernandez245@gmail.com,+695712483158,Indian,1984-08-27,2023-04-12
194,Chidi Kamau,chidi.kamau289@gmail.com,+990274008639,Ghanaian,1999-07-17,2023-09-14
195,Aisha Boateng,aisha.boateng257@gmail.com,+957210154881,Emirati,1976-11-16,2023-06-18
196,David Kim,david.kim86@gmail.com,+151992329618,Dutch,1999-03-09,2023-08-17
197,Mohammed Lindqvist,mohammed.lindqvist228@gmail.com,+55525689202,Emirati,2001-08-12,2023-01-14
198,Raj Nguyen,raj.nguyen396@gmail.com,+954206389694,British,1977-06-08,2023-01-11
199,James Sharma,james.sharma40@gmail.com,+723603703167,Indian,1984-08-23,2023-03-25
200,Amina Rashid,amina.rashid82@gmail.com,+963880862406,American,1975-05-07,2023-03-18
201,Kofi Osei,kofi.osei114@gmail.com,+49356022467,Dutch,1999-05-08,2023-05-04
202,Chidi Ali,chidi.ali114@gmail.com,+648653380476,Singaporean,2001-08-20,2023-09-01
203,Samuel Dlamini,samuel.dlamini148@gmail.com,+247712745501,Dutch,1984-07-01,2023-10-12
204,Ahmed Nakamura,ahmed.nakamura685@gmail.com,+558644738967,Emirati,1977-09-12,2023-02-17
205,Hassan Santos,hassan.santos895@gmail.com,+260902425085,Tanzanian,1990-01-21,2023-07-12
206,Sofia Nkosi,sofia.nkosi70@gmail.com,+107928393291,Singaporean,1986-04-24,2023-11-21
207,Ibrahim Sharma,ibrahim.sharma46@gmail.com,+851936597989,Indian,1986-09-11,2023-11-06
208,Nia Ibrahim,nia.ibrahim187@gmail.com,+967591429705,Kenyan,2000-03-03,2023-12-25
209,Priya Patel,priya.patel45@gmail.com,+528527589822,Turkish,2000-04-02,2023-06-10
210,Nia Garcia,nia.garcia38@gmail.com,+883938422254,Kenyan,1999-11-07,2023-05-12
211,Ibrahim Garcia,ibrahim.garcia128@gmail.com,+451515156661,British,2000-06-14,2023-07-24
212,Ahmed Weber,ahmed.weber709@gmail.com,+821188703430,Dutch,1990-06-26,2023-09-09
213,Mohammed Osei,mohammed.osei617@gmail.com,+106185973340,British,2001-03-18,2023-05-11
214,Priya Kim,priya.kim457@gmail.com,+455477470703,Indian,1994-12-14,2023-03-23
215,Fatuma Abebe,fatuma.abebe891@gmail.com,+811161587757,Nigerian,1986-10-14,2023-05-21
216,Carlos Rossi,carlos.rossi526@gmail.com,+147752376434,Indian,2000-12-22,2023-03-01
217,Fatuma Sharma,fatuma.sharma69@gmail.com,+973709074302,Kenyan,1982-11-12,2023-06-13
218,James Nakamura,james.nakamura461@gmail.com,+141668503222,German,1986-06-15,2023-02-19
219,Carlos Andersen,carlos.andersen666@gmail.com,+191635844374,Emirati,1983-04-04,2023-01-24
220,Mei Lindqvist,mei.lindqvist576@gmail.com,+457330393232,American,1978-05-25,2023-05-23
221,Priya Dlamini,priya.dlamini939@gmail.com,+76585377142,Egyptian,1990-04-04,2023-03-28
222,Yuki Ali,yuki.ali830@gmail.com,+67690554938,Turkish,1996-06-22,2023-06-23
223,Priya Rashid,priya.rashid308@gmail.com,+654286928799,German,2002-03-23,2023-12-23
224,Layla Nguyen,layla.nguyen125@gmail.com,+370694875990,Singaporean,1981-03-08,2023-08-01
225,Raj Tanaka,raj.tanaka823@gmail.com,+317527521016,Qatari,1992-03-20,2023-02-03
226,Kofi Osei,kofi.osei788@gmail.com,+658179634081,Indian,1988-10-03,2023-03-11
227,Chidi Nakamura,chidi.nakamura530@gmail.com,+602295381429,South African,1986-03-27,2023-09-21
228,Daniel Diallo,daniel.diallo933@gmail.com,+157426551245,Egyptian,2002-01-27,2023-02-17
229,Mary Andersen,mary.andersen958@gmail.com,+867184675178,Ugandan,1997-04-12,2023-09-10
230,Lucia Ibrahim,lucia.ibrahim980@gmail.com,+630672817675,Nigerian,1992-05-05,2023-11-10
231,Layla Ibrahim,layla.ibrahim173@gmail.com,+640873773537,American,1993-10-05,2023-03-22
232,Ibrahim Traore,ibrahim.traore947@gmail.com,+47788755699,Singaporean,1993-01-27,2023-01-03
233,Nadia Ibrahim,nadia.ibrahim216@gmail.com,+32634764290,Turkish,1999-10-14,2023-10-21
234,Priya Ibrahim,priya.ibrahim980@gmail.com,+305586989309,Nigerian,1984-08-08,2023-11-13
235,John Mueller,john.mueller451@gmail.com,+622254263081,British,1988-08-15,2023-04-11
236,Lena Abebe,lena.abebe882@gmail.com,+576214014134,British,1986-07-05,2023-06-17
237,Samuel Tanaka,samuel.tanaka126@gmail.com,+52411612760,French,1983-08-08,2023-03-04
238,Fatima Nguyen,fatima.nguyen986@gmail.com,+739435775088,Ghanaian,2002-03-27,2023-06-19
239,Mary Weber,mary.weber528@gmail.com,+93522240582,Emirati,1989-08-10,2023-08-01
240,Chidi Nguyen,chidi.nguyen221@gmail.com,+507741580895,Qatari,1993-06-02,2023-01-10
241,Priya Fernandez,priya.fernandez9@gmail.com,+745492750748,French,2002-02-14,2023-03-09
242,Raj Mwanga,raj.mwanga411@gmail.com,+567409883716,Nigerian,1976-10-18,2023-04-12
243,Mei Diallo,mei.diallo462@gmail.com,+626227572362,South African,1999-09-09,2023-10-22
244,Grace Santos,grace.santos383@gmail.com,+148313736772,American,2000-06-18,2023-06-25
245,Layla Santos,layla.santos513@gmail.com,+342963251765,Qatari,1976-01-02,2023-03-23
246,Kofi Tanaka,kofi.tanaka153@gmail.com,+327274485243,French,1994-09-05,2023-06-20
247,Kwame Johansson,kwame.johansson345@gmail.com,+577421897671,Qatari,1991-09-18,2023-08-23
248,Hassan Rossi,hassan.rossi340@gmail.com,+816878810937,Tanzanian,1996-02-14,2023-10-10
249,Nia Garcia,nia.garcia991@gmail.com,+53726553348,Qatari,1995-10-19,2023-04-24
250,Mary Diallo,mary.diallo645@gmail.com,+842830924936,Rwandan,1998-10-25,2023-07-05
251,Fatuma Johansson,fatuma.johansson971@gmail.com,+322549661921,South African,1997-02-07,2023-01-15
252,Fatima Dlamini,fatima.dlamini209@gmail.com,+894890099255,Kenyan,1988-09-25,2023-10-16
253,Aisha Diallo,aisha.diallo213@gmail.com,+386436889280,Egyptian,1992-06-22,2023-08-17
254,Chidi Lindqvist,chidi.lindqvist546@gmail.com,+889874086851,Ugandan,1985-09-12,2023-11-25
255,Nia Patel,nia.patel981@gmail.com,+965419561201,Zambian,1982-05-18,2023-05-08
256,Peter Dlamini,peter.dlamini722@gmail.com,+957954059995,Ugandan,1990-06-16,2023-06-18
257,Priya Okonkwo,priya.okonkwo588@gmail.com,+354930071496,South African,1996-09-13,2023-07-27
258,Priya Mwanga,priya.mwanga295@gmail.com,+263902448600,Qatari,1997-02-12,2023-08-21
259,Peter Patel,peter.patel848@gmail.com,+141217281149,American,1992-05-18,2023-12-09
260,Samuel Nguyen,samuel.nguyen52@gmail.com,+54207586738,Dutch,1996-09-08,2023-11-08
261,Ibrahim Dlamini,ibrahim.dlamini484@gmail.com,+988690936560,Egyptian,1978-11-25,2023-03-01
262,Fatima Ibrahim,fatima.ibrahim958@gmail.com,+775408427014,British,2003-08-16,2023-11-07
263,Priya Ibrahim,priya.ibrahim61@gmail.com,+548893158610,Kenyan,1999-02-21,2023-10-08
264,Ahmed Osei,ahmed.osei904@gmail.com,+508300050585,Zambian,2001-03-02,2023-07-26
265,Fatuma Hassan,fatuma.hassan306@gmail.com,+466788603957,Turkish,1993-10-04,2023-06-10
266,Kofi Weber,kofi.weber911@gmail.com,+829220953538,British,1979-09-15,2023-05-07
267,Mary Abebe,mary.abebe470@gmail.com,+755461971444,Zambian,1995-05-23,2023-03-01
268,Lucia Mueller,lucia.mueller626@gmail.com,+336193133974,French,2002-11-13,2023-07-17
269,Grace Mueller,grace.mueller144@gmail.com,+393352889019,Indian,1990-06-08,2023-01-09
270,Omar Andersen,omar.andersen310@gmail.com,+670486066116,Rwandan,1993-12-19,2023-01-09
271,John Nakamura,john.nakamura122@gmail.com,+515855438611,Zambian,1989-05-06,2023-07-22
272,David Ibrahim,david.ibrahim939@gmail.com,+981243418388,Qatari,1984-06-20,2023-04-08
273,James Tanaka,james.tanaka766@gmail.com,+935605547798,Turkish,1994-06-14,2023-12-18
274,Peter Kamau,peter.kamau254@gmail.com,+458667121569,German,1996-10-28,2023-02-17
275,Sarah Lindqvist,sarah.lindqvist578@gmail.com,+208714933740,Turkish,1978-01-27,2023-09-17
276,James Mueller,james.mueller336@gmail.com,+211869784803,Singaporean,2002-09-15,2023-02-22
277,Sven Ali,sven.ali921@gmail.com,+136651095672,Dutch,1991-08-26,2023-01-15
278,Chidi Johansson,chidi.johansson60@gmail.com,+23525146690,Ugandan,1992-08-22,2023-05-24
279,Amina Abebe,amina.abebe224@gmail.com,+718168461684,Turkish,1993-02-02,2023-07-12
280,John Lindqvist,john.lindqvist916@gmail.com,+185925677464,South African,1977-08-02,2023-05-14
281,Fatima Rossi,fatima.rossi913@gmail.com,+83833076128,Turkish,1987-08-28,2023-07-13
282,Aisha Ibrahim,aisha.ibrahim881@gmail.com,+542236737888,Rwandan,1986-02-06,2023-09-13
283,Amina Kamau,amina.kamau24@gmail.com,+435671159367,French,1984-08-22,2023-12-18
284,Zara Nguyen,zara.nguyen472@gmail.com,+784221166014,Kenyan,1986-03-09,2023-04-24
285,Fatima Mensah,fatima.mensah785@gmail.com,+104737742679,Kenyan,2003-01-08,2023-04-03
286,Yuki Mensah,yuki.mensah689@gmail.com,+412571332733,Rwandan,1997-01-08,2023-12-02
287,Elena Patel,elena.patel773@gmail.com,+240975943821,Singaporean,2002-01-05,2023-09-10
288,Lena Johansson,lena.johansson613@gmail.com,+310253824712,Emirati,1999-11-27,2023-06-08
289,Zara Osei,zara.osei308@gmail.com,+934288047830,Dutch,1983-01-18,2023-10-24
290,Sven Mwanga,sven.mwanga996@gmail.com,+538442238518,Dutch,1986-11-22,2023-07-26
291,Fatima Sharma,fatima.sharma308@gmail.com,+247341961866,Zambian,1987-03-25,2023-09-16
292,James Nkosi,james.nkosi475@gmail.com,+543243980993,French,1976-09-14,2023-07-18
293,Samuel Garcia,samuel.garcia209@gmail.com,+380199282456,Turkish,1985-11-03,2023-08-28
294,Lucia Mwanga,lucia.mwanga275@gmail.com,+895178151583,Ghanaian,1987-11-20,2023-10-02
295,Peter Weber,peter.weber214@gmail.com,+960304036387,Ethiopian,2002-06-10,2023-01-07
296,Nia Lindqvist,nia.lindqvist249@gmail.com,+938356979659,Turkish,1997-10-23,2023-04-13
297,Lena Kamau,lena.kamau290@gmail.com,+316380849661,German,1987-08-18,2023-11-12
298,Layla Rashid,layla.rashid510@gmail.com,+780443847870,Ghanaian,1989-02-26,2023-12-16
299,Raj Andersen,raj.andersen424@gmail.com,+150117415986,Ugandan,1976-10-28,2023-04-24
300,Fatima Kim,fatima.kim157@gmail.com,+854363850592,Qatari,1981-06-08,2023-07-19
